{
"16CPU-32GB-CUDA": {
  "linear_regressions": {
    "ezkl": {
      "memoryUsage": [
        "9344kb",
        "9344kb",
        "9088kb",
        "9216kb",
        "9216kb",
        "9344kb",
        "9216kb",
        "9344kb",
        "9344kb",
        "9344kb"
      ],
      "proofSize": [
        4994,
        4994,
        4994,
        4994,
        4994,
        4994,
        4994,
        4994,
        4994,
        4994
      ],
      "provingTime": [
        "0.35s",
        "0.24s",
        "0.22s",
        "0.27s",
        "0.25s",
        "0.23s",
        "0.24s",
        "0.25s",
        "0.24s",
        "0.22s"
      ]
    },
    "orion": {
      "memoryUsage": [
        "56360kb",
        "56360kb",
        "56360kb",
        "56360kb",
        "56492kb",
        "56440kb",
        "56364kb",
        "56364kb",
        "56364kb",
        "56360kb"
      ],
      "proofSize": [],
      "provingTime": [
        "0.734s",
        "0.709s",
        "0.698s",
        "0.708s",
        "0.738s",
        "0.753s",
        "0.701s",
        "0.691s",
        "0.733s",
        "0.716s"
      ]
    },
    "riscZero": {
      "memoryUsage": [
        "1313724kb",
        "1313952kb",
        "1313820kb",
        "1313908kb",
        "1313928kb",
        "1313960kb",
        "1313868kb",
        "1313816kb",
        "1313912kb",
        "1313816kb"
      ],
      "proofSize": [
        "",
        "",
        "",
        "",
        "",
        "",
        "",
        "",
        "",
        ""
      ],
      "provingTime": [
        "43.163865654s",
        "43.310114064s",
        "43.143891488s",
        "43.163801792s",
        "43.083877692s",
        "43.121812484s",
        "43.221190748s",
        "43.244004397s",
        "43.298624441s",
        "43.181218534s"
      ]
    },
    "zkml": {
      "memoryUsage": [],
      "proofSize": [],
      "provingTime": []
    }
  },
  "random_forests": {
    "ezkl": {
      "memoryUsage": [
        "448856kb",
        "448760kb",
        "449484kb",
        "447568kb",
        "453336kb",
        "449500kb",
        "448876kb",
        "449124kb",
        "451024kb",
        "453520kb"
      ],
      "proofSize": [
        9346,
        9346,
        9346,
        9346,
        9346,
        9346,
        9346,
        9346,
        9346,
        9346
      ],
      "provingTime": [
        "4.271s",
        "4.177s",
        "4.364s",
        "4.236s",
        "4.321s",
        "4.376s",
        "4.291s",
        "4.307s",
        "4.239s",
        "4.338s"
      ]
    },
    "riscZero": {
      "memoryUsage": [
        "20220kb",
        "20096kb",
        "19968kb",
        "20096kb",
        "20096kb",
        "19968kb",
        "20096kb",
        "20096kb",
        "20096kb",
        "20096kb"
      ],
      "proofSize": [
        "",
        "",
        "",
        "",
        "",
        "",
        "",
        "",
        "",
        ""
      ],
      "provingTime": [
        "",
        "",
        "",
        "",
        "",
        "",
        "",
        "",
        "",
        ""
      ]
    },
    "zkml": {
      "memoryUsage": [],
      "proofSize": [],
      "provingTime": []
    }
  },
  "svm_classifications": {
    "ezkl": {
      "memoryUsage": [
        "14848kb",
        "15076kb",
        "15016kb",
        "15092kb",
        "14868kb",
        "14992kb",
        "14944kb",
        "15196kb",
        "14904kb",
        "15184kb"
      ],
      "proofSize": [
        7170,
        7170,
        7170,
        7170,
        7170,
        7170,
        7170,
        7170,
        7170,
        7170
      ],
      "provingTime": [
        "0.117s",
        "0.114s",
        "0.116s",
        "0.122s",
        "0.114s",
        "0.118s",
        "0.118s",
        "0.124s",
        "0.121s",
        "0.122s"
      ]
    },
    "orion": {
      "memoryUsage": [
        "55980kb",
        "56108kb",
        "55776kb",
        "56104kb",
        "56104kb",
        "56104kb",
        "56108kb",
        "56108kb",
        "56104kb",
        "56104kb"
      ],
      "proofSize": [],
      "provingTime": [
        "0.774s",
        "0.749s",
        "0.758s",
        "0.747s",
        "0.761s",
        "0.747s",
        "0.738s",
        "0.760s",
        "0.759s",
        "0.745s"
      ]
    },
    "riscZero": {
      "memoryUsage": [
        "5096908kb",
        "5097188kb",
        "5097424kb",
        "5097296kb",
        "5097316kb",
        "5097328kb",
        "5097016kb",
        "5097348kb",
        "5097424kb",
        "5097420kb"
      ],
      "proofSize": [
        "",
        "",
        "",
        "",
        "",
        "",
        "",
        "",
        "",
        ""
      ],
      "provingTime": [
        "174.407169813s",
        "173.902040625s",
        "173.489528896s",
        "174.456049548s",
        "173.879715072s",
        "174.225563554s",
        "175.120786866s",
        "173.541135987s",
        "174.547987029s",
        "173.737853706s"
      ]
    },
    "zkml": {
      "memoryUsage": [],
      "proofSize": [],
      "provingTime": []
    }
  },
  "te_regressions": {
    "ezkl": {
      "memoryUsage": [
        "15104kb",
        "15260kb",
        "15104kb",
        "15324kb",
        "15240kb",
        "15184kb",
        "14976kb",
        "15336kb",
        "15048kb",
        "15452kb"
      ],
      "proofSize": [
        7170,
        7170,
        7170,
        7170,
        7170,
        7170,
        7170,
        7170,
        7170,
        7170
      ],
      "provingTime": [
        "0.160s",
        "0.114s",
        "0.115s",
        "0.119s",
        "0.152s",
        "0.123s",
        "0.111s",
        "0.115s",
        "0.114s",
        "0.129s"
      ]
    },
    "orion": {
      "memoryUsage": [
        "65920kb",
        "65920kb",
        "66176kb",
        "66176kb",
        "65920kb",
        "65920kb",
        "65920kb",
        "65920kb",
        "65920kb",
        "66048kb"
      ],
      "proofSize": [],
      "provingTime": [
        "0.984s",
        "1.018s",
        "0.973s",
        "0.991s",
        "0.984s",
        "0.986s",
        "0.991s",
        "0.982s",
        "0.995s",
        "0.980s"
      ]
    },
    "riscZero": {
      "memoryUsage": [
        "1313748kb",
        "1313880kb",
        "1313856kb",
        "1313736kb",
        "1313724kb",
        "1313920kb",
        "1313876kb",
        "1313784kb",
        "1313676kb",
        "1313632kb"
      ],
      "proofSize": [
        "",
        "",
        "",
        "",
        "",
        "",
        "",
        "",
        "",
        ""
      ],
      "provingTime": [
        "43.175942914s",
        "43.085918822s",
        "43.41719335s",
        "43.16153771s",
        "43.241546826s",
        "43.217233462s",
        "43.172734507s",
        "43.334351938s",
        "43.151898482s",
        "43.128450402s"
      ]
    },
    "zkml": {
      "memoryUsage": [],
      "proofSize": [],
      "provingTime": []
    }
  }
}
,
"64CPU-128GB-None": {
  "linear_regressions": {
    "ezkl": {
      "memoryUsage": [
        "109kb",
        "109kb",
        "109kb",
        "109kb",
        "109kb",
        "109kb",
        "109kb",
        "109kb",
        "109kb",
        "109kb"
      ],
      "proofSize": [],
      "provingTime": [
        "s",
        "s",
        "s",
        "s",
        "s",
        "s",
        "s",
        "s",
        "s",
        "s"
      ]
    },
    "orion": {
      "memoryUsage": [
        "59504kb",
        "59572kb",
        "59652kb",
        "59252kb",
        "59580kb",
        "59664kb",
        "59480kb",
        "59628kb",
        "59324kb",
        "59252kb"
      ],
      "proofSize": [],
      "provingTime": [
        "1.032s",
        "0.903s",
        "1.030s",
        "1.101s",
        "1.005s",
        "0.998s",
        "1.084s",
        "1.030s",
        "1.027s",
        "1.091s"
      ]
    },